<!--
 /**
 * [SIMINOV FRAMEWORK]
 * Copyright [2015] [Siminov Software Solution LLP|support@siminov.com]
 *
 * Licensed under the Apache License, Version 2.0 (the "License");
 * you may not use this file except in compliance with the License.
 * You may obtain a copy of the License at
 *
 *     http://www.apache.org/licenses/LICENSE-2.0
 *
 * Unless required by applicable law or agreed to in writing, software
 * distributed under the License is distributed on an "AS IS" BASIS,
 * WITHOUT WARRANTIES OR CONDITIONS OF ANY KIND, either express or implied.
 * See the License for the specific language governing permissions and
 * limitations under the License.
 **/
 
 
 -->

<library-descriptor>
    
    <property name="name">SIMINOV-HYBRID</property>
    
    <!-- Optional Field -->
    <property name="description">Siminov Hybrid</property>
    
    <adapter-descriptors>
        
        <adapter-descriptor>SiminovNativeAdapter.xml</adapter-descriptor>
        <adapter-descriptor>SiminovHybridAdapter.xml</adapter-descriptor>
        <adapter-descriptor>SiminovExceptionAdapter.xml</adapter-descriptor>
        <adapter-descriptor>EventHandlerAdapter.xml</adapter-descriptor>
        <adapter-descriptor>DatabaseAdapter.xml</adapter-descriptor>
        <adapter-descriptor>ResourcesAdapter.xml</adapter-descriptor>
        <adapter-descriptor>ServiceAdapter.xml</adapter-descriptor>
        <adapter-descriptor>ServiceEventHandlerAdapter.xml</adapter-descriptor>
        <adapter-descriptor>NotificationAdapter.xml</adapter-descriptor>
        <adapter-descriptor>SyncAdapter.xml</adapter-descriptor>
        
    </adapter-descriptors>
    
</library-descriptor>
